"index","country_id","name","area","national_day","country_code2","country_code3","region_id"
"0","1","Aruba","193","null","AW","ABW","1"
"1","2","Afghanistan","652090","1919-08-19T00:00:00.000Z","AF","AFG","2"
"2","3","Angola","1246700","1975-11-11T00:00:00.000Z","AO","AGO","3"
"3","4","Anguilla","96","1967-05-30T00:00:00.000Z","AI","AIA","1"
"4","5","Albania","28748","1912-11-28T00:00:00.000Z","AL","ALB","4"
"5","6","Andorra","468","null","AD","AND","4"
"6","7","Netherlands Antilles","800","null","AN","ANT","1"
"7","8","United Arab Emirates","83600","1971-12-02T00:00:00.000Z","AE","ARE","5"
"8","9","Argentina","2780400","1816-07-09T00:00:00.000Z","AR","ARG","6"
"9","10","Armenia","29800","1991-09-21T00:00:00.000Z","AM","ARM","5"
"10","11","American Samoa","199","null","AS","ASM","7"
"11","12","Antarctica","13120000","null","AQ","ATA","8"
"12","13","French Southern territories","7780","null","TF","ATF","8"
"13","14","Antigua and Barbuda","442","1981-11-01T00:00:00.000Z","AG","ATG","1"
"14","15","Australia","7741220","null","AU","AUS","9"
"15","16","Austria","83859","1955-10-26T00:00:00.000Z","AT","AUT","10"
"16","17","Azerbaijan","86600","1991-10-18T00:00:00.000Z","AZ","AZE","5"
"17","18","Burundi","27834","1962-07-01T00:00:00.000Z","BI","BDI","11"
"18","19","Belgium","30518","1831-07-21T00:00:00.000Z","BE","BEL","10"
"19","20","Benin","112622","1960-08-01T00:00:00.000Z","BJ","BEN","12"
"20","21","Burkina Faso","274000","1960-08-05T00:00:00.000Z","BF","BFA","12"
"21","22","Bangladesh","143998","1971-03-26T00:00:00.000Z","BD","BGD","2"
"22","23","Bulgaria","110994","1878-03-03T00:00:00.000Z","BG","BGR","13"
"23","24","Bahrain","694","1971-12-16T00:00:00.000Z","BH","BHR","5"
"24","25","Bahamas","13878","null","BS","BHS","1"
"25","26","Bosnia and Herzegovina","51197","1992-03-01T00:00:00.000Z","BA","BIH","4"
"26","27","Belarus","207600","1944-07-03T00:00:00.000Z","BY","BLR","13"
"27","28","Belize","22696","1981-09-21T00:00:00.000Z","BZ","BLZ","14"
"28","29","Bermuda","53","null","BM","BMU","15"
"29","30","Bolivia","1098581","1825-08-06T00:00:00.000Z","BO","BOL","6"
"30","31","Brazil","8547403","1822-09-07T00:00:00.000Z","BR","BRA","6"
"31","32","Barbados","430","1966-11-30T00:00:00.000Z","BB","BRB","1"
"32","33","Brunei","5765","1984-01-01T00:00:00.000Z","BN","BRN","16"
"33","34","Bhutan","47000","null","BT","BTN","2"
"34","35","Bouvet Island","59","null","BV","BVT","8"
"35","36","Botswana","581730","1966-09-30T00:00:00.000Z","BW","BWA","17"
"36","37","Central African Republic","622984","1960-08-13T00:00:00.000Z","CF","CAF","3"
"37","38","Canada","9970610","1867-07-01T00:00:00.000Z","CA","CAN","15"
"38","39","Cocos (Keeling) Islands","14","null","CC","CCK","9"
"39","40","Switzerland","41284","1291-08-01T00:00:00.000Z","CH","CHE","10"
"40","41","Chile","756626","1810-09-18T00:00:00.000Z","CL","CHL","6"
"41","42","China","9572900","null","CN","CHN","18"
"42","43","Côte d’Ivoire","322463","null","CI","CIV","12"
"43","44","Cameroon","475442","1960-01-01T00:00:00.000Z","CM","CMR","3"
"44","45","The Democratic Republic of the Congo","2344858","null","CD","COD","3"
"45","46","Congo","342000","null","CG","COG","3"
"46","47","Cook Islands","236","null","CK","COK","7"
"47","48","Colombia","1138914","null","CO","COL","6"
"48","49","Comoros","1862","1975-07-06T00:00:00.000Z","KM","COM","11"
"49","50","Cape Verde","4033","1975-07-05T00:00:00.000Z","CV","CPV","12"
"50","51","Costa Rica","51100","1821-09-15T00:00:00.000Z","CR","CRI","14"
"51","52","Cuba","110861","1868-10-10T00:00:00.000Z","CU","CUB","1"
"52","53","Christmas Island","135","null","CX","CXR","9"
"53","54","Cayman Islands","264","null","KY","CYM","1"
"54","55","Cyprus","9251","1960-10-01T00:00:00.000Z","CY","CYP","5"
"55","56","Czech Republic","78866","1918-10-28T00:00:00.000Z","CZ","CZE","13"
"56","57","Germany","357022","null","DE","DEU","10"
"57","58","Djibouti","23200","1977-06-27T00:00:00.000Z","DJ","DJI","11"
"58","59","Dominica","751","1978-11-03T00:00:00.000Z","DM","DMA","1"
"59","60","Denmark","43094","null","DK","DNK","19"
"60","61","Dominican Republic","48511","null","DO","DOM","1"
"61","62","Algeria","2381741","1962-07-05T00:00:00.000Z","DZ","DZA","20"
"62","63","Ecuador","283561","1809-08-10T00:00:00.000Z","EC","ECU","6"
"63","64","Egypt","1001449","null","EG","EGY","20"
"64","65","Eritrea","117600","1993-05-24T00:00:00.000Z","ER","ERI","11"
"65","66","Western Sahara","266000","null","EH","ESH","20"
"66","67","Spain","505992","null","ES","ESP","4"
"67","68","Estonia","45227","1918-02-24T00:00:00.000Z","EE","EST","21"
"68","69","Ethiopia","1104300","null","ET","ETH","11"
"69","70","Finland","338145","1917-12-06T00:00:00.000Z","FI","FIN","19"
"70","71","Fiji Islands","18274","null","FJ","FJI","22"
"71","72","Falkland Islands","12173","null","FK","FLK","6"
"72","73","France","551500","1789-07-14T00:00:00.000Z","FR","FRA","10"
"73","74","Faroe Islands","1399","null","FO","FRO","19"
"74","75","Federated States of Micronesia","702","null","FM","FSM","23"
"75","76","Gabon","267668","1960-08-17T00:00:00.000Z","GA","GAB","3"
"76","77","United Kingdom","242900","null","GB","GBR","24"
"77","78","Georgia","69700","1918-05-26T00:00:00.000Z","GE","GEO","5"
"78","79","Ghana","238533","1957-03-06T00:00:00.000Z","GH","GHA","12"
"79","80","Gibraltar","6","null","GI","GIB","4"
"80","81","Guinea","245857","1958-10-02T00:00:00.000Z","GN","GIN","12"
"81","82","Guadeloupe","1705","null","GP","GLP","1"
"82","83","Gambia","11295","null","GM","GMB","12"
"83","84","Guinea-Bissau","36125","1973-09-24T00:00:00.000Z","GW","GNB","12"
"84","85","Equatorial Guinea","28051","1968-10-12T00:00:00.000Z","GQ","GNQ","3"
"85","86","Greece","131626","1821-03-25T00:00:00.000Z","GR","GRC","4"
"86","87","Grenada","344","1974-02-07T00:00:00.000Z","GD","GRD","1"
"87","88","Greenland","2166090","null","GL","GRL","15"
"88","89","Guatemala","108889","1821-09-15T00:00:00.000Z","GT","GTM","14"
"89","90","French Guiana","90000","null","GF","GUF","6"
"90","91","Guam","549","null","GU","GUM","23"
"91","92","Guyana","214969","1966-05-26T00:00:00.000Z","GY","GUY","6"
"92","93","Hong Kong","1075","1997-07-01T00:00:00.000Z","HK","HKG","18"
"93","94","Heard Island and McDonald Islands","359","null","HM","HMD","8"
"94","95","Honduras","112088","1821-09-15T00:00:00.000Z","HN","HND","14"
"95","96","Croatia","56538","1991-10-08T00:00:00.000Z","HR","HRV","4"
"96","97","Haiti","27750","1804-01-01T00:00:00.000Z","HT","HTI","1"
"97","98","Hungary","93030","1989-10-23T00:00:00.000Z","HU","HUN","13"
"98","99","Indonesia","1904569","1945-08-17T00:00:00.000Z","ID","IDN","16"
"99","100","India","3287263","1947-08-15T00:00:00.000Z","IN","IND","2"
"100","101","British Indian Ocean Territory","78","null","IO","IOT","11"
"101","102","Ireland","70273","1916-04-24T00:00:00.000Z","IE","IRL","24"
"102","103","Iran","1648195","1979-04-01T00:00:00.000Z","IR","IRN","2"
"103","104","Iraq","438317","1932-10-03T00:00:00.000Z","IQ","IRQ","5"
"104","105","Iceland","103000","1944-06-17T00:00:00.000Z","IS","ISL","19"
"105","106","Israel","21056","1947-12-31T00:00:00.000Z","IL","ISR","5"
"106","107","Italy","301316","null","IT","ITA","4"
"107","108","Jamaica","10990","1962-08-06T00:00:00.000Z","JM","JAM","1"
"108","109","Jordan","88946","1946-05-25T00:00:00.000Z","JO","JOR","5"
"109","110","Japan","377829","null","JP","JPN","18"
"110","111","Kazakstan","2724900","null","KZ","KAZ","2"
"111","112","Kenya","580367","1963-12-12T00:00:00.000Z","KE","KEN","11"
"112","113","Kyrgyzstan","199900","1991-08-31T00:00:00.000Z","KG","KGZ","2"
"113","114","Cambodia","181035","1953-11-09T00:00:00.000Z","KH","KHM","16"
"114","115","Kiribati","726","1979-07-12T00:00:00.000Z","KI","KIR","23"
"115","116","Saint Kitts and Nevis","261","1983-09-19T00:00:00.000Z","KN","KNA","1"
"116","117","South Korea","99434","null","KR","KOR","18"
"117","118","Kuwait","17818","1961-02-25T00:00:00.000Z","KW","KWT","5"
"118","119","Laos","236800","1953-10-22T00:00:00.000Z","LA","LAO","16"
"119","120","Lebanon","10400","1943-11-22T00:00:00.000Z","LB","LBN","5"
"120","121","Liberia","111369","1847-07-26T00:00:00.000Z","LR","LBR","12"
"121","122","Libyan Arab Jamahiriya","1759540","null","LY","LBY","20"
"122","123","Saint Lucia","622","1979-02-22T00:00:00.000Z","LC","LCA","1"
"123","124","Liechtenstein","160","null","LI","LIE","10"
"124","125","Sri Lanka","65610","1948-02-04T00:00:00.000Z","LK","LKA","2"
"125","126","Lesotho","30355","1966-10-04T00:00:00.000Z","LS","LSO","17"
"126","127","Lithuania","65301","1918-02-16T00:00:00.000Z","LT","LTU","21"
"127","128","Luxembourg","2586","null","LU","LUX","10"
"128","129","Latvia","64589","1918-11-18T00:00:00.000Z","LV","LVA","21"
"129","130","Macao","18","1999-12-20T00:00:00.000Z","MO","MAC","18"
"130","131","Morocco","446550","1956-11-18T00:00:00.000Z","MA","MAR","20"
"131","132","Monaco","1.5","null","MC","MCO","10"
"132","133","Moldova","33851","1991-08-27T00:00:00.000Z","MD","MDA","13"
"133","134","Madagascar","587041","1960-06-26T00:00:00.000Z","MG","MDG","11"
"134","135","Maldives","298","1965-07-26T00:00:00.000Z","MV","MDV","2"
"135","136","Mexico","1958201","1810-09-16T00:00:00.000Z","MX","MEX","14"
"136","137","Marshall Islands","181","null","MH","MHL","23"
"137","138","Macedonia","25713","null","MK","MKD","4"
"138","139","Mali","1240192","1960-09-22T00:00:00.000Z","ML","MLI","12"
"139","140","Malta","316","1964-09-21T00:00:00.000Z","MT","MLT","4"
"140","141","Myanmar","676578","1948-01-04T00:00:00.000Z","MM","MMR","16"
"141","142","Mongolia","1566500","1911-12-29T00:00:00.000Z","MN","MNG","18"
"142","143","Northern Mariana Islands","464","null","MP","MNP","23"
"143","144","Mozambique","801590","1975-06-25T00:00:00.000Z","MZ","MOZ","11"
"144","145","Mauritania","1025520","1960-11-28T00:00:00.000Z","MR","MRT","12"
"145","146","Montserrat","102","null","MS","MSR","1"
"146","147","Martinique","1102","null","MQ","MTQ","1"
"147","148","Mauritius","2040","1968-03-12T00:00:00.000Z","MU","MUS","11"
"148","149","Malawi","118484","1964-07-06T00:00:00.000Z","MW","MWI","11"
"149","150","Malaysia","329758","1957-08-31T00:00:00.000Z","MY","MYS","16"
"150","151","Mayotte","373","null","YT","MYT","11"
"151","152","Namibia","824292","1990-03-21T00:00:00.000Z","NA","NAM","17"
"152","153","New Caledonia","18575","null","NC","NCL","22"
"153","154","Niger","1267000","1960-08-03T00:00:00.000Z","NE","NER","12"
"154","155","Norfolk Island","36","null","NF","NFK","9"
"155","156","Nigeria","923768","1960-10-01T00:00:00.000Z","NG","NGA","12"
"156","157","Nicaragua","130000","1821-09-15T00:00:00.000Z","NI","NIC","14"
"157","158","Niue","260","null","NU","NIU","7"
"158","159","Netherlands","41526","null","NL","NLD","10"
"159","160","Norway","323877","1814-05-17T00:00:00.000Z","NO","NOR","19"
"160","161","Nepal","147181","null","NP","NPL","2"
"161","162","Nauru","21","1968-01-31T00:00:00.000Z","NR","NRU","23"
"162","163","New Zealand","270534","null","NZ","NZL","9"
"163","164","Oman","309500","1650-11-18T00:00:00.000Z","OM","OMN","5"
"164","165","Pakistan","796095","1947-08-14T00:00:00.000Z","PK","PAK","2"
"165","166","Panama","75517","1821-11-28T00:00:00.000Z","PA","PAN","14"
"166","167","Pitcairn","49","null","PN","PCN","7"
"167","168","Peru","1285216","1821-07-28T00:00:00.000Z","PE","PER","6"
"168","169","Philippines","300000","1898-06-12T00:00:00.000Z","PH","PHL","16"
"169","170","Palau","459","null","PW","PLW","23"
"170","171","Papua New Guinea","462840","1975-09-16T00:00:00.000Z","PG","PNG","22"
"171","172","Poland","323250","1918-11-11T00:00:00.000Z","PL","POL","13"
"172","173","Puerto Rico","8875","null","PR","PRI","1"
"173","174","North Korea","120538","null","KP","PRK","18"
"174","175","Portugal","91982","1640-12-01T00:00:00.000Z","PT","PRT","4"
"175","176","Paraguay","406752","1811-05-15T00:00:00.000Z","PY","PRY","6"
"176","177","Palestine","6257","1988-11-15T00:00:00.000Z","PS","PSE","5"
"177","178","French Polynesia","4000","null","PF","PYF","7"
"178","179","Qatar","11000","1971-12-18T00:00:00.000Z","QA","QAT","5"
"179","180","Réunion","2510","null","RE","REU","11"
"180","181","Romania","238391","1877-05-09T00:00:00.000Z","RO","ROM","13"
"181","182","Russian Federation","17075400","null","RU","RUS","13"
"182","183","Rwanda","26338","1962-07-01T00:00:00.000Z","RW","RWA","11"
"183","184","Saudi Arabia","2149690","null","SA","SAU","5"
"184","185","Sudan","2505813","1956-01-01T00:00:00.000Z","SD","SDN","20"
"185","186","Senegal","196722","1960-04-04T00:00:00.000Z","SN","SEN","12"
"186","187","Singapore","618","1965-08-09T00:00:00.000Z","SG","SGP","16"
"187","188","South Georgia and the South Sandwich Islands","3903","null","GS","SGS","8"
"188","189","Saint Helena","314","null","SH","SHN","12"
"189","190","Svalbard and Jan Mayen","62422","null","SJ","SJM","19"
"190","191","Solomon Islands","28896","1978-07-07T00:00:00.000Z","SB","SLB","22"
"191","192","Sierra Leone","71740","1961-04-27T00:00:00.000Z","SL","SLE","12"
"192","193","El Salvador","21041","1821-09-15T00:00:00.000Z","SV","SLV","14"
"193","194","San Marino","61","null","SM","SMR","4"
"194","195","Somalia","637657","1960-07-01T00:00:00.000Z","SO","SOM","11"
"195","196","Saint Pierre and Miquelon","242","null","PM","SPM","15"
"196","197","Sao Tome and Principe","964","null","ST","STP","3"
"197","198","Suriname","163265","1975-11-25T00:00:00.000Z","SR","SUR","6"
"198","199","Slovakia","49012","1992-07-17T00:00:00.000Z","SK","SVK","13"
"199","200","Slovenia","20256","1990-12-31T00:00:00.000Z","SI","SVN","4"
"200","201","Sweden","449964","1523-06-06T00:00:00.000Z","SE","SWE","19"
"201","202","Swaziland","17364","null","SZ","SWZ","17"
"202","203","Seychelles","455","1976-06-29T00:00:00.000Z","SC","SYC","11"
"203","204","Syria","185180","1946-04-17T00:00:00.000Z","SY","SYR","5"
"204","205","Turks and Caicos Islands","430","null","TC","TCA","1"
"205","206","Chad","1284000","1960-08-11T00:00:00.000Z","TD","TCD","3"
"206","207","Togo","56785","1960-04-27T00:00:00.000Z","TG","TGO","12"
"207","208","Thailand","513115","null","TH","THA","16"
"208","209","Tajikistan","143100","1991-09-09T00:00:00.000Z","TJ","TJK","2"
"209","210","Tokelau","12","null","TK","TKL","7"
"210","211","Turkmenistan","488100","1991-09-27T00:00:00.000Z","TM","TKM","2"
"211","212","East Timor","14874","2002-05-20T00:00:00.000Z","TP","TMP","16"
"212","213","Tonga","650","1970-06-04T00:00:00.000Z","TO","TON","7"
"213","214","Trinidad and Tobago","5130","1962-08-31T00:00:00.000Z","TT","TTO","1"
"214","215","Tunisia","163610","1956-03-20T00:00:00.000Z","TN","TUN","20"
"215","216","Turkey","774815","null","TR","TUR","5"
"216","217","Tuvalu","26","1978-10-01T00:00:00.000Z","TV","TUV","7"
"217","218","Taiwan","36188","1911-10-10T00:00:00.000Z","TW","TWN","18"
"218","219","Tanzania","883749","1961-12-09T00:00:00.000Z","TZ","TZA","11"
"219","220","Uganda","241038","1962-10-09T00:00:00.000Z","UG","UGA","11"
"220","221","Ukraine","603700","1991-08-24T00:00:00.000Z","UA","UKR","13"
"221","222","United States Minor Outlying Islands","16","null","UM","UMI","25"
"222","223","Uruguay","175016","1825-08-25T00:00:00.000Z","UY","URY","6"
"223","224","United States","9363520","1776-07-04T00:00:00.000Z","US","USA","15"
"224","225","Uzbekistan","447400","1991-09-01T00:00:00.000Z","UZ","UZB","2"
"225","226","Holy See (Vatican City State)","0.4","null","VA","VAT","4"
"226","227","Saint Vincent and the Grenadines","388","1979-10-27T00:00:00.000Z","VC","VCT","1"
"227","228","Venezuela","912050","1811-07-05T00:00:00.000Z","VE","VEN","6"
"228","229","Virgin Islands, British","151","null","VG","VGB","1"
"229","230","Virgin Islands, U.S.","347","null","VI","VIR","1"
"230","231","Vietnam","331689","1945-09-02T00:00:00.000Z","VN","VNM","16"
"231","232","Vanuatu","12189","1980-07-30T00:00:00.000Z","VU","VUT","22"
"232","233","Wallis and Futuna","200","null","WF","WLF","7"
"233","234","Samoa","2831","1962-01-01T00:00:00.000Z","WS","WSM","7"
"234","235","Yemen","527968","1967-11-30T00:00:00.000Z","YE","YEM","5"
"235","236","Yugoslavia","102173","null","YU","YUG","4"
"236","237","South Africa","1221037","1931-12-11T00:00:00.000Z","ZA","ZAF","17"
"237","238","Zambia","752618","1964-10-24T00:00:00.000Z","ZM","ZMB","11"
"238","239","Zimbabwe","390757","1980-04-18T00:00:00.000Z","ZW","ZWE","11"
